{
    "id": "materialdeck-swade",
    "title": "Material Deck - Savage Worlds Adventure Edition",
    "description": "Savage Worlds system module for Material Deck",
    "version": "1.0.0",
    "authors": [
        {
            "name": "Dustin Larsen",
            "email": "",
            "discord": "Transmuter",
			"github": "tarmonthir"
        }
    ],
    "esmodules": [
        "./materialdeck-swade.js"
    ],
    "languages": [
        {
            "lang": "en",
            "name": "English",
            "path": "lang/en.json"
        }
    ],
    "relationships": {
        "systems": [{
            "id": "swade",
            "type": "system",
            "manifest": "https://gitlab.com/api/v4/projects/16269883/packages/generic/swade/latest/system.json",
            "compatibility": {
                "minimum": "5.0.0",
                "verified": "5.0.2"
            }
        }],
        "requires": [
            {
                "id": "materialdeck-premium",
                "type": "module",
                "compatibility": {
                    "minimum": "2.0.0",
                    "verified": "2.0.5"
                }
            }
        ]
    },
    "compatibility": {
        "minimum": "13",
        "verified": "13"
    },
    "url": "https://github.com/tarmonthir/MaterialDeck_SWADE",
    "manifest": "https://github.com/tarmonthir/MaterialDeck_SWADE/releases/latest/download/module.json",
    "download": "https://github.com/tarmonthir/MaterialDeck_SWADE/releases/download/v1.0.0/module.zip"
}